insert into 支行 values('上海', '上海支行', 8000);
insert into 支行 values('北京', '北京支行', 1000);
insert into 支行 values('南京', '南京支行', 90000);
insert into 支行 values('合肥', '合肥支行', 4000);

insert into 员工 values('13462769855254785', '13462769855254785',
 '齐德龙', '1346268269517', '安徽省合肥市蜀山区金寨路78号', str_to_date('2021-04-09', '%Y-%m-%d'));
insert into 员工 values('95526276540012', '13462769855254785',
'齐东强', '238942936528', '驻马店市重阳社区22号', str_to_date('2021-03-15', '%Y-%m-%d'));
insert into 员工 values('440566199611230024', '440566199611230024',
'龙傲天', '349875082947', '北京市朝阳区南京路路48号', str_to_date('2021-07-16', '%Y-%m-%d'));
insert into 员工 values('165341198604230045', '440566199611230024',
'叶良辰', '109347904753', '上海市黄浦区河南路62号', str_to_date('2021-12-13','%Y-%m-%d'));
insert into 员工 values('452334197809270053', '440566199611230024',
'赵日天', '1372643498', '郑州市金水区永定路32号', str_to_date('2021-08-16', '%Y-%m-%d'));
insert into 员工 values('123456194910010321', '440566199611230024',
'面筋哥', '238579283', '江苏省南京市栖霞区营苑北路11号', str_to_date('2021-08-16', '%Y-%m-%d'));

/*客户*/
insert into 客户 values('440566196806300023', '13462769855254785',
'可莉', '055188964521', '安徽省合肥市蜀山区金寨路11号', '爱丽丝', '13256978452',
'klee@qq.com', '母子','贷款负责人');
insert into 客户 values('165341197503090012', '440566199611230024',
'钟离',  '054689635121', '上海市徐汇区虹桥路17号', '刻晴', '13456228896',
'zl@163.com', '粉丝', '银行账户负责人');
insert into 客户 values('151684198502160014', '123456194910010321',
'达达利亚', '051286954732', '北京市朝阳区二龙路101号', '托克', '17543395923',
'Tartaglia@163.com', '兄弟', '贷款负责人');
insert into 客户 values('123','13462769855254785','王湘峰','1234567','家里蹲大学','','','','','');

insert into 贷款 values(20000.00, 2355, '北京支行');
insert into 贷款 values(63201.00, 2351, '合肥支行');
insert into 贷款 values(12345.00, 2350, '合肥支行');

insert into 支付情况 values(2355, '440566196806300023', 2000, str_to_date('2020-11-12', '%Y-%m-%d'),'16:30:00');
insert into 支付情况 values(2351, '151684198502160014', 3500, str_to_date('2020-09-12', '%Y-%m-%d'),'7:31:25');
insert into 支付情况 values(2350, '123', 0, str_to_date('2021-04-12', '%Y-%m-%d'),'14:29:25');

insert into 账户 values(1004, str_to_date('2021-01-11', '%Y-%m-%d'), 400000);
insert into 账户 values(2002, str_to_date('2021-06-14', '%Y-%m-%d'), 10000);
insert into 账户 values(2001, str_to_date('2020-08-12', '%Y-%m-%d'), 0);
insert into 账户 values(1005, str_to_date('2021-02-14', '%Y-%m-%d'), 500000);
insert into 账户 values(2003, str_to_date('2021-12-29', '%Y-%m-%d'), 20000);
insert into 账户 values(1003, str_to_date('2021-05-30', '%Y-%m-%d'), 300000);
insert into 账户 values(1002, str_to_date('2021-04-26', '%Y-%m-%d'), 200000);
insert into 账户 values(2004, str_to_date('2021-04-16', '%Y-%m-%d'), 30000);
insert into 账户 values(2005, str_to_date('2021-02-14', '%Y-%m-%d'), 40000);
insert into 账户 values(1001, str_to_date('2021-01-21', '%Y-%m-%d'), 100000);

insert into 支票账户 values(1001, str_to_date('2021-01-21', '%Y-%m-%d'), 100000, 0);
insert into 支票账户 values(1002, str_to_date('2021-04-26', '%Y-%m-%d'), 200000, 10000);
insert into 支票账户 values(1003, str_to_date('2021-05-30', '%Y-%m-%d'), 300000, 10000);
insert into 支票账户 values(1004, str_to_date('2021-01-11', '%Y-%m-%d'), 400000, 0);

insert into 贷款_支行_客户 values('440566196806300023', '合肥支行');
insert into 贷款_支行_客户 values('151684198502160014', '北京支行');

insert into 支票开户 values('440566196806300023', '合肥支行', 1002, str_to_date('2021-01-21', '%Y-%m-%d'));
insert into 支票开户 values('151684198502160014', '北京支行', 1003, str_to_date('2021-05-30', '%Y-%m-%d'));


insert into 储蓄账户 values(2001, str_to_date('2020-08-12', '%Y-%m-%d'), 0,
'人民币', 0.007);
insert into 储蓄账户 values(2002, str_to_date('2020-05-23', '%Y-%m-%d'), 10000,
'欧元', 0.008);
insert into 储蓄账户 values(2003, str_to_date('2021-12-29', '%Y-%m-%d'), 20000,
'美元', 0.008);

insert into 储蓄_支行_客户 values('440566196806300023', '合肥支行');
insert into 储蓄_支行_客户 values('165341197503090012', '上海支行');
insert into 储蓄_支行_客户 values('151684198502160014', '北京支行');

insert into 储蓄开户 values('440566196806300023', '合肥支行', 2001,
str_to_date('2020-08-12', '%Y-%m-%d'));
insert into 储蓄开户 values('165341197503090012', '上海支行', 2002,
str_to_date('2021-05-23', '%Y-%m-%d'));
insert into 储蓄开户 values('151684198502160014', '北京支行', 2003,
str_to_date('2020-12-29', '%Y-%m-%d'));


commit;